<?xml version="1.0" encoding="UTF-8" standalone="yes"?>
<addon id="repository.fuckmeharderblamo" name="[COLORdeepmagenta]Fuck Me Harder Blamo[/COLOR]" version="0.0.1" provider-name="BlamoATrain">
        <requires>
            <import addon="xbmc.addon" version="12.0.0"/>
        </requires>
	<extension point="xbmc.addon.repository" name="Fuck Me Harder Blamo">
		<dir>
			<info compressed="false">https://raw.githubusercontent.com/totalrevolution/python-koding/master/zips/addons.xml</info>
			<checksum>https://raw.githubusercontent.com/totalrevolution/python-koding/master/zips/addons.xml.md5</checksum>
			<datadir zip="true">https://raw.githubusercontent.com/totalrevolution/python-koding/master/zips/</datadir>
		</dir>
		<dir>
			<info compressed="false">https://raw.githubusercontent.com/blamoandatrain/repository.fuckmeharderblamo/master/zips/addons.xml</info>
			<checksum>https://raw.githubusercontent.com/BlamoandAtrain/repository.fuckmeharderblamo/master/zips/addons.xml.md5</checksum>
			<datadir zip="true">https://raw.githubusercontent.com/BlamoandAtrain/repository.fuckmeharderblamo/master/zips/</datadir>
		</dir>
		<dir>
			<info compressed="false">https://raw.githubusercontent.com/teverz/blamo/master/zips/addons.xml</info>
			<checksum>https://raw.githubusercontent.com/teverz/blamo/master/zips/addons.xml.md5</checksum>
			<datadir zip="true">https://raw.githubusercontent.com/teverz/blamo/master/zips/</datadir>		
		</dir>
		<dir>
			<info compressed="false">https://raw.githubusercontent.com/marcelveldt/repository.marcelveldt/master/addons.xml</info>
			<checksum>https://raw.githubusercontent.com/marcelveldt/repository.marcelveldt/master/addons.xml.md5</checksum>
			<datadir zip="true">https://raw.githubusercontent.com/marcelveldt/repository.marcelveldt/master/</datadir>
		</dir>
	</extension>
	<extension point="xbmc.addon.metadata">
		<summary lang="en"></summary>
		<description lang="en"></description>
		<genre>adult,livetv,movies,news,sports,tvshows,wizard,usa</genre>
	</extension>
</addon>